[{
  "_id": {
    "$oid": "6469ba6e41d25cdea5d78a7e"
  },
  "question": "מהי טיאוטולוגיה?",
  "options": [
    "פסוק שמסופק מכל השמה",
    "קבוצת פסוקים",
    "פסוק ספיק",
    "אף תשובה לא נכונה"
  ],
  "correct": 1,
  "__v": 0
},{
  "_id": {
    "$oid": "6469bb0941d25cdea5d79893"
  },
  "question": "?נתון פסוק ספיק כלשהו כמה השמות מספקות יש לו",
  "options": [
    "השמה אחת בלבד",
    "אינסוף השמות",
    "לא ניתן לדעת",
    "לא ניתן לדעת אך יותר מהשמה אחת"
  ],
  "correct": 2,
  "__v": 0
},{
  "_id": {
    "$oid": "6469bc5841d25cdea5d79897"
  },
  "question": "?מה ניתן להגיד על תת-קבוצה של קבוצה גדירה במבנה מסוים",
  "options": [
    "שהיא גדירה גם-כן עם אותה נוסחא מגדירה",
    "שהיא גדירה עם נוסחא מגדירה כלשהי",
    "שהיא לא גדירה",
    "שאם היא ריקה היא בהכרח גדירה"
  ],
  "correct": 4,
  "__v": 0
},{
  "_id": {
    "$oid": "6469bcfa41d25cdea5d7989a"
  },
  "question": "?אם הוספנו פסוק לקבוצה עקבית והיא נשארה עקבית מה ניתן להגיד על הפסוק",
  "options": [
    "הפסוק אינו סתירהsdfsdf",
    "הפסוק יכיח מכלום",
    "הפסוק לא יצר תת-קבוצה לא ספיקה לקבוצה העקבית",
    "תשובות 1 ו-3 נכונות"
  ],
  "correct": 4,
  "__v": 0
},{
  "_id": {
    "$oid": "6469be2f41d25cdea5d79b99"
  },
  "question": "אילו קבוצות בטוח גדירות במבנה בו האוטומורפיזם היחיד הוא אוטומורפיזם הזהות?",
  "options": [
    "קבוצה ריקה והעולם",
    "כל איבר בעולם",
    "כל תת-קבוצה של העולם",
    "לא ניתן להגדיר דבר"
  ],
  "correct": 1,
  "__v": 0
},{
  "_id": {
    "$oid": "64790fc009f7dc39e2a01848"
  },
  "question": "האם מסתירה נובע לוגית כל פסוק?",
  "options": [
    "לפעמים",
    "כן",
    "לא",
    "אולי"
  ],
  "correct": 2,
  "__v": 0
},{
  "_id": {
    "$oid": "64802d51b027aa36874137b3"
  },
  "question": "rfrrf",
  "options": [
    "decdecde",
    "eg",
    "e",
    "tgg"
  ],
  "correct": 2,
  "__v": 0
}]